Socio,Apellido y Nombre,Monto de deuda,Meses de deuda,Judicializado
01478-00,FORMAGGIO Silvina Andrea,9087461,4,No
01309-00,THULUNK S.A,7979079,5,No
00154-00,LANZA Maximiliano Martín,6244459,6,No
01222-00,BEINES Alejandra,4272662,3,No
01056-00,FERNANDEZ YANTORNO Juan Ignacio,3572920,3,No
01808-00,VIDART Gabriel María,1996040,2,No
01245-00,ALI Carmen Susana,1964039,2,No
01723-00,STURLESE Alejandra,1793265,2,No
01888-00,PISSANI Susana Beatriz,1785992,2,No
01879-00,CANO Laura Valeria,1676596,2,No
01792-00,PIDOUX Ricardo Anibal,1669392,2,No
01334-00,BERTOLDI María Sofía,1654341,1,No
00768-00,BOMARO S.A. BORQUE Alejandro,1514900,2,No
01957-00,ROUZES Manuel,1491494,1,No
01423-00,KADARIAN Daniel,1454888,1,No
01912-00,YAMAUCHI QUINTIAN Mariana,1397665,1,No
01862-00,LIMONGELLI Eduardo,1201531,1,No
00205-00,CUPELLI Jose Maria ( SUCESION ),999529,1,No
01497-00,SAENZ Patricio (SUCESION),975492,1,No
00974-00,DARMUN Sandra Noemí,905536,1,No
01087-00,SCHPAK Clara Elena Kuropatwa,695118,1,No
01814-00,PIZZIO Analía,489863,1,No
01921-00,JUSTO Emanuel Santiago,139151,1,No
00513-00,KOLKER Miguel,8630244,4,No
01861-00,VAZQUEZ Matías Sol,2915023,4,No
00919-00,COCUZZA Salvador,43354260,,Sí
00442-00,SCHINDLER Roberto Federico,42402142,,Sí
01378-00,PETLIUK Leonardo Samuel,39772784,,Sí
01903-00,GONZALEZ Cynthia Geraldina,42281098,,Sí
01255-00,GUADAMAR SA AMODIO Marcelo Daniel,34567690,,Sí
01780-00,CASSARA Vanina Mariana,29451953,,Sí
01546-00,RECUPERO Cecilia Jahel,23565204,,Sí
01607-00,DALPONTE Gustavo Rubén,23623629,,Sí
01203-00,DI NUZZO Mario Héctor,23745813,,Sí
01726-00,DEL VISO Miguel Angel,23436416,,Sí
00457-00,CONFORTI Ricardo (SUCESION),23994214,,Sí
00783-00,CHEILER S.A,22979713,,Sí
01562-00,TORO Beatriz Maria,23057536,,Sí
00866-00,CHEILER SA,21142606,,Sí
00140-00,FARESI Renso ( UF SUBASTADA ),20841209,,Sí
00141-00,IACARUSO Domingo Raul,20361117,,Sí
01417-00,CHEILER S.A,20063782,,Sí
01223-00,HORGAN Fernando,19146100,,Sí
00991-00,DONNINI Fabián Sebastián,17107904,,Sí
00029-00,CHEILER SA,16659924,,Sí
01931-00,BERARDI Jorge(SUCESION),16104564,,Sí
00808-00,DESCHERES Marta Monica Martinez,16028599,,Sí
00721-00,ZYGIER Boris,14165396,,Sí
01876-00,QUEVEDO Romina Lorena,8356861,,Sí
01902-00,ALIBERTI María Camila,7922592,,Sí
76000-00,BRAVO Silvia Gisela,3820782,,Sí
76001-00,MOLINA Jimena Melany,1693115,,Sí
